date,country,model,segment,engine_type,price_usd,units_sold,marketing_spend_usd,dealership_count,profit_%
2021-01-31,Australia,X1,SUV,Petrol,82234,324,315372,96,1.18
2018-08-31,Australia,i4,Sedan,Electric,82291,556,447798,234,0.98
2022-12-31,USA,5 Series,Electric,Hybrid,40594,152,259755,25,4.21
2019-11-30,Australia,i7,SUV,Electric,42371,730,323541,319,1.05
2021-12-31,Brazil,X5,SUV,Diesel,82315,1156,482015,367,0.51
2024-12-31,China,i7,Electric,Diesel,118564,687,349155,172,0.43
2017-04-30,USA,i4,Electric,Diesel,114526,439,129183,107,0.26
2021-04-30,USA,X7,Sedan,Diesel,51626,489,405398,165,1.61
2022-05-31,India,3 Series,Sedan,Petrol,42130,435,487480,11,2.66
2019-08-31,UK,7 Series,SUV,Petrol,41828,1080,92317,359,0.2
2018-05-31,UK,5 Series,Electric,Electric,92514,447,228986,178,0.55
2022-08-31,Brazil,X3,Electric,Hybrid,87664,827,265705,324,0.37
2022-10-31,Canada,X3,Electric,Diesel,52883,712,414633,334,1.1
2017-01-31,Germany,X3,SUV,Electric,78059,1181,226326,384,0.25
2020-12-31,Germany,X1,Electric,Petrol,119078,307,352240,101,0.96
2019-10-31,France,X3,Electric,Petrol,77932,725,365929,190,0.65
2016-09-30,Brazil,7 Series,SUV,Hybrid,96269,588,102344,240,0.18
2022-06-30,USA,3 Series,Sedan,Hybrid,110986,644,296060,310,0.41
2020-03-31,Brazil,X3,Sedan,Hybrid,37035,534,432526,157,2.19
2016-08-31,Brazil,i7,SUV,Electric,75745,1004,249618,289,0.33
2019-09-30,Brazil,i7,Electric,Petrol,52241,544,209484,198,0.74
2015-06-30,UK,X1,SUV,Petrol,87975,751,160489,356,0.24
2024-11-30,Brazil,7 Series,Sedan,Hybrid,58154,1061,494874,359,0.8
2020-07-31,China,3 Series,Sedan,Diesel,60625,954,492765,323,0.85
2023-01-31,Germany,5 Series,SUV,Hybrid,79950,673,308667,137,0.57
2015-05-31,France,i4,SUV,Electric,91396,15,61549,16,4.49
2024-05-31,China,3 Series,Sedan,Hybrid,48331,107,75739,56,1.46
2017-10-31,France,i4,SUV,Hybrid,98927,523,333353,62,0.64
2021-04-30,India,X7,Sedan,Electric,119719,782,157051,196,0.17
2018-06-30,France,i4,SUV,Hybrid,98014,397,65116,47,0.17
2023-07-31,Germany,X5,SUV,Petrol,74346,773,70045,235,0.12
2017-09-30,Germany,i7,SUV,Diesel,105411,179,469543,62,2.49
2019-01-31,Brazil,7 Series,Sedan,Hybrid,89478,652,85709,233,0.15
2017-06-30,Japan,iX,SUV,Electric,47254,389,355761,163,1.94
2021-07-31,India,X1,Sedan,Diesel,90734,213,207977,57,1.08
2019-03-31,USA,X5,Sedan,Electric,63621,945,253675,360,0.42
2023-08-31,Australia,i4,SUV,Diesel,111441,705,279167,156,0.36
2021-05-31,France,X3,SUV,Diesel,81121,368,431923,73,1.45
2016-09-30,Japan,7 Series,Sedan,Hybrid,116418,743,355063,358,0.41
2018-05-31,Brazil,X5,Sedan,Petrol,95197,805,395665,191,0.52
2023-09-30,UK,X1,Electric,Hybrid,119577,380,269222,134,0.59
2016-10-31,USA,i7,Sedan,Electric,77431,543,239518,188,0.57
2024-04-30,Canada,7 Series,Electric,Electric,39837,429,233500,48,1.37
2023-09-30,Japan,X1,Electric,Diesel,118163,661,491110,269,0.63
2024-05-31,UK,X7,Electric,Diesel,106232,1001,318591,391,0.3
2019-10-31,India,X7,SUV,Petrol,83994,413,55499,12,0.16
2016-09-30,Brazil,X1,SUV,Hybrid,114079,396,89041,73,0.2
2018-03-31,USA,X5,Sedan,Electric,47615,225,343459,38,3.21
2021-04-30,USA,7 Series,Electric,Diesel,36466,992,182371,381,0.5
2022-09-30,USA,X5,SUV,Petrol,65771,476,432650,20,1.38
2017-10-31,India,5 Series,SUV,Electric,118886,357,186066,106,0.44
2015-11-30,France,i4,SUV,Diesel,100911,1145,276486,367,0.24
2018-06-30,Canada,5 Series,SUV,Electric,55746,679,262235,212,0.69
2016-02-29,India,X7,SUV,Petrol,95739,184,307831,30,1.75
2022-07-31,Australia,i7,Electric,Petrol,108369,205,450705,48,2.03
2018-02-28,Canada,3 Series,Electric,Electric,36893,534,403791,232,2.05
2016-11-30,Germany,i4,Electric,Hybrid,65573,578,344499,111,0.91
2020-02-29,Brazil,X7,Electric,Electric,75874,292,385949,55,1.74
2020-11-30,India,X5,Sedan,Diesel,112362,495,380511,75,0.68
2024-01-31,UK,X5,Electric,Hybrid,68367,576,422050,100,1.07
2018-11-30,Canada,X5,SUV,Diesel,56199,534,429553,173,1.43
2020-11-30,Australia,i7,Electric,Electric,109328,453,389499,120,0.79
2016-12-31,Germany,5 Series,Sedan,Hybrid,92724,1070,166220,347,0.17
2024-11-30,France,3 Series,SUV,Diesel,71405,348,271421,132,1.09
2016-03-31,UK,X5,Electric,Electric,50989,651,399317,202,1.2
2024-06-30,Canada,iX,Electric,Electric,63931,307,314140,108,1.6
2018-08-31,Brazil,i4,Electric,Hybrid,44290,951,301071,300,0.71
2022-09-30,UK,7 Series,SUV,Electric,73367,393,356531,168,1.24
2021-07-31,Germany,iX,SUV,Petrol,114878,453,53089,112,0.1
2023-04-30,UK,3 Series,Sedan,Diesel,114481,1190,410971,394,0.3
2022-06-30,China,i7,SUV,Diesel,111298,847,332803,290,0.35
2019-05-31,Japan,3 Series,SUV,Electric,65133,117,357322,52,4.69
2016-08-31,France,7 Series,Electric,Electric,62052,518,145965,93,0.45
2019-01-31,Germany,i4,SUV,Petrol,75475,610,131268,200,0.29
2022-01-31,UK,7 Series,Electric,Hybrid,117666,260,397186,60,1.3
2024-11-30,Japan,X1,Electric,Electric,92656,1115,418615,395,0.41
2023-06-30,Japan,i4,SUV,Electric,39633,677,251798,219,0.94
2023-10-31,UK,3 Series,Sedan,Electric,52304,370,382255,135,1.98
2015-12-31,Brazil,X5,Sedan,Electric,81546,532,287103,78,0.66
2023-02-28,China,3 Series,SUV,Diesel,42008,691,294754,274,1.02
2021-05-31,India,3 Series,Sedan,Electric,83291,899,215637,267,0.29
2023-01-31,China,i4,Electric,Diesel,62405,605,412579,197,1.09
2022-07-31,UK,X1,Electric,Electric,71386,474,139242,239,0.41
2015-01-31,France,3 Series,SUV,Hybrid,55827,706,425348,198,1.08
2022-04-30,India,iX,Sedan,Petrol,68040,272,203956,19,1.1
2022-09-30,Germany,X7,Sedan,Hybrid,95354,531,329343,123,0.65
2017-01-31,China,X3,Electric,Electric,113543,586,110038,85,0.17
2015-04-30,UK,X3,SUV,Electric,53157,667,107786,173,0.3
2022-06-30,China,3 Series,Sedan,Electric,70315,559,421780,94,1.07
2017-06-30,India,iX,SUV,Hybrid,70932,502,286042,58,0.8
2017-12-31,Australia,X5,Sedan,Electric,56164,822,361438,335,0.78
2015-08-31,Canada,i7,Electric,Hybrid,49414,564,259087,186,0.93
2019-01-31,China,i7,Electric,Diesel,49327,1066,215250,396,0.41
2024-07-31,Germany,i4,SUV,Petrol,35946,871,455881,398,1.46
2021-01-31,Germany,X3,Electric,Petrol,49693,592,312678,227,1.06
2024-07-31,USA,3 Series,Sedan,Hybrid,62241,508,403972,198,1.28
2023-03-31,China,i7,Electric,Diesel,50540,1177,348276,355,0.59
2021-11-30,Canada,3 Series,SUV,Hybrid,107255,630,427864,239,0.63
2023-08-31,Brazil,i4,SUV,Diesel,99757,845,348254,264,0.41
2022-03-31,Japan,X3,SUV,Electric,76203,880,239826,245,0.36
2016-01-31,Canada,7 Series,Sedan,Diesel,60081,100,375724,35,6.25
2015-08-31,Japan,X7,Sedan,Diesel,96861,451,465685,81,1.07
2021-03-31,Japan,X7,Sedan,Diesel,46350,944,376160,270,0.86
2021-02-28,Australia,i7,Sedan,Petrol,90512,705,96233,263,0.15
2022-01-31,USA,X7,Sedan,Diesel,91809,947,442007,280,0.51
2019-03-31,Canada,7 Series,Electric,Electric,77832,658,247780,132,0.48
2017-02-28,Canada,3 Series,Sedan,Electric,63369,532,274522,153,0.81
2022-02-28,Australia,i4,Sedan,Electric,66728,904,156311,266,0.26
2020-06-30,China,7 Series,Electric,Diesel,52576,728,84409,153,0.22
2017-12-31,China,i4,Sedan,Hybrid,64001,709,296231,268,0.65
2015-01-31,China,i4,SUV,Hybrid,118384,368,462540,56,1.06
2017-02-28,France,X3,Sedan,Electric,35390,1007,451954,360,1.27
2019-06-30,Japan,3 Series,Sedan,Petrol,80436,193,336198,22,2.17
2017-03-31,France,iX,SUV,Hybrid,46569,874,79709,385,0.2
2015-04-30,USA,X7,SUV,Diesel,48029,622,159321,217,0.53
2019-01-31,Australia,iX,SUV,Hybrid,57490,1049,50363,320,0.08
2024-08-31,Canada,X3,SUV,Electric,80875,857,322502,244,0.47
2021-07-31,Japan,i4,Sedan,Petrol,40867,426,446456,158,2.56
2021-07-31,France,i7,SUV,Hybrid,115820,1055,95689,331,0.08
2023-03-31,France,X7,SUV,Hybrid,44121,742,314080,164,0.96
2024-10-31,UK,X7,Electric,Electric,36539,686,424416,175,1.69
2024-10-31,France,3 Series,SUV,Petrol,52027,299,141074,99,0.91
2017-03-31,Brazil,X1,SUV,Petrol,109229,716,225037,195,0.29
2021-02-28,Canada,5 Series,Electric,Electric,43921,906,258606,327,0.65
2015-12-31,Brazil,5 Series,Electric,Diesel,85435,1038,50882,367,0.06
2018-01-31,Canada,5 Series,Sedan,Hybrid,45310,421,463440,183,2.43
2018-07-31,Australia,X1,Electric,Diesel,98965,551,417371,226,0.77
2019-07-31,Canada,3 Series,Sedan,Hybrid,104922,941,304822,273,0.31
2021-12-31,Brazil,X1,Electric,Hybrid,117839,626,175865,106,0.24
2021-02-28,Canada,5 Series,Electric,Diesel,47242,632,173745,126,0.58
2018-07-31,Australia,X3,Sedan,Electric,43947,837,474041,208,1.29
2021-08-31,Australia,7 Series,Electric,Electric,106466,749,78885,329,0.1
2017-01-31,USA,i4,Sedan,Hybrid,96816,373,221128,30,0.61
2020-09-30,Canada,X1,Electric,Electric,83785,753,446419,209,0.71
2016-07-31,UK,3 Series,SUV,Hybrid,35507,1169,241313,380,0.58
2024-03-31,China,3 Series,Electric,Electric,101972,780,445460,350,0.56
2023-08-31,Germany,iX,Sedan,Hybrid,62151,756,410466,257,0.87
2019-07-31,Australia,7 Series,Electric,Electric,46618,848,380763,285,0.96
2020-11-30,India,i7,Sedan,Petrol,109286,911,71584,273,0.07
2018-08-31,China,X7,Sedan,Diesel,51122,530,320665,67,1.18
2024-06-30,Japan,5 Series,SUV,Petrol,42354,989,231089,311,0.55
2021-09-30,Canada,i7,SUV,Diesel,65979,203,345685,40,2.58
2023-05-31,Brazil,iX,Sedan,Diesel,114376,685,79063,258,0.1
2021-03-31,Germany,5 Series,Electric,Hybrid,87774,408,120268,102,0.34
2015-03-31,India,7 Series,Sedan,Diesel,40037,762,306306,274,1.0
2015-01-31,China,iX,Sedan,Petrol,63633,941,176218,280,0.29
2023-12-31,Canada,5 Series,Electric,Petrol,59495,425,430350,103,1.7
2023-08-31,USA,7 Series,Electric,Electric,99550,596,274126,163,0.46
2018-02-28,Japan,X5,Electric,Petrol,116384,769,220635,294,0.25
2023-03-31,Germany,i7,Electric,Electric,71483,543,220824,89,0.57
2017-08-31,UK,i7,Sedan,Diesel,108373,997,276305,301,0.26
2021-08-31,USA,X7,Sedan,Petrol,69069,357,445783,93,1.81
2020-11-30,India,7 Series,SUV,Diesel,42370,1043,459337,374,1.04
2022-04-30,Germany,X1,Sedan,Petrol,106947,849,444890,383,0.49
2023-04-30,USA,X5,Electric,Petrol,74133,122,126411,46,1.4
2019-05-31,Japan,X3,SUV,Electric,35692,916,159876,351,0.49
2015-06-30,UK,5 Series,Electric,Diesel,63926,882,248153,336,0.44
2017-05-31,USA,X5,Sedan,Petrol,108984,472,210212,241,0.41
2024-07-31,France,7 Series,SUV,Hybrid,78390,448,190399,102,0.54
2022-02-28,UK,i4,Electric,Diesel,84593,956,73331,345,0.09
2020-07-31,India,5 Series,SUV,Diesel,110609,628,73004,111,0.11
2022-10-31,Japan,3 Series,SUV,Diesel,40209,806,288441,175,0.89
2023-07-31,Canada,i7,Sedan,Electric,41533,465,431387,168,2.23
2018-01-31,Brazil,7 Series,Electric,Hybrid,42211,121,453708,23,8.88
2015-07-31,Brazil,3 Series,SUV,Diesel,44927,923,498013,382,1.2
2015-05-31,Brazil,X7,SUV,Petrol,112463,507,239167,234,0.42
2024-03-31,Germany,iX,Electric,Petrol,59594,288,456965,82,2.66
2018-03-31,India,X3,SUV,Electric,109852,519,375361,258,0.66
2021-04-30,Japan,X3,SUV,Petrol,112713,527,139044,100,0.23
2016-12-31,UK,3 Series,SUV,Diesel,111382,883,321189,225,0.33
2017-02-28,Germany,i7,Electric,Petrol,42933,361,332260,99,2.14
2015-02-28,India,X7,Electric,Diesel,75696,388,68667,38,0.23
2019-01-31,Canada,i4,Electric,Petrol,100449,844,387201,314,0.46
2015-05-31,France,i7,Electric,Hybrid,102616,687,124205,229,0.18
2022-04-30,Japan,X5,Sedan,Electric,41089,880,77302,337,0.21
2015-11-30,Brazil,X3,SUV,Electric,91548,887,454499,224,0.56
2015-10-31,USA,X5,Electric,Hybrid,61123,788,212007,230,0.44
2016-02-29,Japan,5 Series,SUV,Hybrid,42797,1026,122534,398,0.28
2016-03-31,Australia,X1,SUV,Electric,85013,347,275414,51,0.93
2020-07-31,India,7 Series,Sedan,Hybrid,43346,386,212696,144,1.27
2021-07-31,China,X7,Electric,Diesel,68672,187,63440,51,0.49
2019-12-31,Canada,i7,Electric,Petrol,52653,599,423145,173,1.34
2015-04-30,France,X3,SUV,Electric,84556,815,358645,370,0.52
2015-05-31,Canada,X5,Electric,Hybrid,61140,1044,444485,292,0.7
2017-05-31,Japan,iX,SUV,Diesel,36184,536,320012,67,1.65
2016-06-30,China,5 Series,SUV,Electric,69493,967,211323,311,0.31
2019-09-30,Australia,7 Series,Sedan,Hybrid,79148,744,390053,331,0.66
2024-02-29,UK,7 Series,Sedan,Electric,59846,341,134523,34,0.66
2020-05-31,USA,i7,Sedan,Hybrid,57195,511,219801,82,0.75
2021-12-31,China,X7,SUV,Electric,40606,790,65734,382,0.2
2018-03-31,India,i4,Electric,Diesel,38956,457,223501,138,1.26
2021-04-30,Brazil,iX,Sedan,Diesel,51555,245,222409,96,1.76
2022-10-31,Australia,i7,Electric,Petrol,53690,818,483541,339,1.1
2015-06-30,USA,X5,Sedan,Electric,93502,596,395744,162,0.71
2020-12-31,France,X1,Sedan,Petrol,83849,396,320577,191,0.97
2022-08-31,Brazil,3 Series,SUV,Electric,61347,523,190183,134,0.59
2019-01-31,Japan,i4,Sedan,Hybrid,84056,419,153986,76,0.44
2018-10-31,China,X7,Sedan,Hybrid,98851,173,375897,15,2.2
2016-08-31,USA,5 Series,SUV,Petrol,116502,393,163783,134,0.36
2020-11-30,Germany,i4,Electric,Electric,116418,654,261655,323,0.34
2020-07-31,UK,X3,Sedan,Petrol,105211,773,333895,335,0.41
2015-01-31,UK,X7,SUV,Diesel,76850,211,197525,62,1.22
2023-02-28,Australia,X1,Sedan,Petrol,113545,375,266916,75,0.63
2020-03-31,France,X3,SUV,Petrol,62843,975,482184,323,0.79
2017-01-31,Australia,i4,Electric,Hybrid,97320,396,211149,91,0.55
2018-09-30,Germany,3 Series,Electric,Petrol,64793,500,289654,96,0.89
2018-08-31,India,3 Series,SUV,Electric,74516,142,477991,11,4.52
2017-02-28,France,X1,SUV,Hybrid,52857,523,239216,213,0.87
2024-09-30,Canada,7 Series,SUV,Petrol,54627,697,360714,159,0.95
2017-07-31,India,iX,Electric,Diesel,96822,941,227169,302,0.25
2017-09-30,France,5 Series,Sedan,Petrol,119101,446,336647,112,0.63
2018-06-30,France,7 Series,Electric,Petrol,87248,477,183851,33,0.44
2021-06-30,Germany,3 Series,SUV,Petrol,90798,1008,398984,377,0.44
2018-11-30,Japan,3 Series,SUV,Hybrid,79116,781,181827,221,0.29
2023-04-30,Germany,X5,Electric,Electric,110318,532,351407,74,0.6
2015-10-31,France,X3,SUV,Diesel,63557,542,420635,218,1.22
2022-10-31,USA,i4,Electric,Petrol,106334,796,367231,260,0.43
2021-02-28,India,5 Series,SUV,Electric,110163,1237,485497,394,0.36
2016-07-31,Germany,X1,Sedan,Electric,113002,318,101482,126,0.28
2022-05-31,Japan,i4,Sedan,Hybrid,77614,592,498073,125,1.08
2015-11-30,China,X5,SUV,Diesel,47720,677,172989,246,0.54
2023-06-30,Australia,3 Series,Electric,Hybrid,92608,551,460616,114,0.9
2023-02-28,France,X1,Sedan,Electric,107095,924,352259,268,0.36
2016-05-31,Canada,3 Series,Electric,Electric,119694,536,326393,55,0.51
2021-10-31,China,5 Series,SUV,Electric,70892,1099,294255,320,0.38
2024-04-30,UK,X3,Electric,Hybrid,112242,894,490041,340,0.49
2017-09-30,Brazil,i4,Sedan,Diesel,112606,665,160361,225,0.21
2021-06-30,Japan,i4,Electric,Petrol,35924,830,336744,310,1.13
2024-02-29,Canada,7 Series,Electric,Hybrid,86322,705,349850,342,0.57
2023-01-31,Brazil,X1,SUV,Electric,61478,360,331366,33,1.5
2018-05-31,Japan,iX,SUV,Hybrid,106042,152,411185,44,2.55
2015-09-30,USA,X5,SUV,Electric,81418,162,416648,33,3.16
2016-06-30,Australia,iX,Sedan,Petrol,97217,411,91139,37,0.23
2015-10-31,China,7 Series,Sedan,Petrol,115846,359,164919,25,0.4
2019-12-31,India,5 Series,SUV,Diesel,108762,367,297677,68,0.75
2019-07-31,Japan,X5,SUV,Electric,46781,644,353446,252,1.17
2021-05-31,India,X3,Sedan,Diesel,40515,530,275756,216,1.28
2023-10-31,Australia,iX,Sedan,Diesel,71133,899,399982,280,0.63
2023-06-30,France,X3,Sedan,Petrol,117508,550,189718,258,0.29
2017-05-31,UK,iX,Sedan,Hybrid,111946,903,194615,276,0.19
2017-11-30,China,X3,SUV,Hybrid,44095,860,275568,202,0.73
2017-09-30,Australia,iX,Sedan,Diesel,55470,1012,203857,344,0.36
2018-06-30,Australia,X3,SUV,Petrol,78129,538,390497,227,0.93
2022-11-30,USA,7 Series,Electric,Electric,43531,516,474622,124,2.11
2020-08-31,Brazil,X7,Electric,Hybrid,72038,407,401136,77,1.37
2022-02-28,UK,X5,Sedan,Diesel,77674,925,363572,308,0.51
2015-12-31,China,X1,Electric,Hybrid,117476,1025,73777,334,0.06
2022-09-30,France,5 Series,Electric,Hybrid,64831,450,107939,84,0.37
2018-05-31,France,i7,Electric,Electric,92174,543,496242,112,0.99
2015-07-31,Germany,3 Series,Sedan,Petrol,46279,999,398594,306,0.86
2022-10-31,Australia,X1,Sedan,Electric,73220,811,472769,187,0.8
2018-01-31,Japan,3 Series,Electric,Petrol,95610,685,73548,224,0.11
2020-10-31,USA,X5,SUV,Hybrid,87719,847,480481,324,0.65
2022-05-31,UK,X1,Electric,Diesel,88051,209,175549,48,0.95
2018-12-31,France,X3,Sedan,Electric,107013,840,483917,268,0.54
2017-10-31,China,X3,Sedan,Petrol,91652,725,494503,213,0.74
2023-02-28,Germany,i7,Sedan,Hybrid,100524,344,187799,16,0.54
2017-12-31,China,3 Series,Electric,Petrol,117936,441,291532,58,0.56
2023-06-30,USA,5 Series,SUV,Petrol,41470,281,231789,35,1.99
2016-11-30,Japan,X5,Sedan,Petrol,102598,625,475643,170,0.74
2016-01-31,Germany,X3,Sedan,Hybrid,76798,1104,197764,366,0.23
2016-03-31,Germany,X7,Electric,Diesel,88473,540,81625,185,0.17
2020-05-31,Brazil,7 Series,SUV,Diesel,54880,457,337062,88,1.34
2017-04-30,UK,7 Series,Electric,Diesel,79439,420,484352,11,1.45
2023-03-31,Germany,iX,Sedan,Petrol,49308,897,426970,392,0.97
2018-10-31,Brazil,5 Series,SUV,Hybrid,70081,529,164881,141,0.44
2015-05-31,Brazil,7 Series,SUV,Petrol,110242,943,495625,285,0.48
2018-11-30,USA,iX,Sedan,Diesel,85383,634,327721,126,0.61
2015-08-31,India,3 Series,SUV,Diesel,44837,670,397299,173,1.32
2019-11-30,China,X3,SUV,Hybrid,87151,1001,161776,297,0.19
2018-04-30,Japan,X3,Electric,Petrol,71824,191,411390,37,3.0
2022-01-31,Canada,X7,Sedan,Electric,68073,937,283996,342,0.45
2022-11-30,China,X1,Sedan,Electric,61299,471,307831,10,1.07
2021-07-31,Germany,7 Series,Sedan,Diesel,93861,615,262803,197,0.46
2017-08-31,Japan,3 Series,Sedan,Hybrid,65063,245,208761,65,1.31
2015-03-31,France,i4,Sedan,Petrol,104453,265,192226,44,0.69
2015-06-30,India,7 Series,SUV,Petrol,103472,313,407092,121,1.26
2017-02-28,France,5 Series,Electric,Diesel,49506,674,71341,295,0.21
2020-07-31,France,X1,Sedan,Diesel,114854,807,409698,319,0.44
2021-08-31,UK,7 Series,Electric,Petrol,61026,201,255753,45,2.09
2020-06-30,China,3 Series,Electric,Petrol,62672,848,419942,226,0.79
2020-06-30,Canada,7 Series,SUV,Diesel,73417,447,358474,89,1.09
2020-05-31,USA,5 Series,Sedan,Petrol,87413,1051,299141,323,0.33
2017-08-31,Canada,i4,SUV,Electric,100066,436,399903,92,0.92
2020-01-31,France,X5,Sedan,Diesel,94213,197,249488,74,1.34
2022-10-31,Germany,i7,SUV,Petrol,85971,1021,306139,334,0.35
2016-04-30,India,i4,Electric,Diesel,62281,640,398951,137,1.0
2019-04-30,Australia,iX,Sedan,Hybrid,63091,1081,345457,316,0.51
2015-03-31,Canada,7 Series,Electric,Diesel,85494,100,359044,31,4.2
2015-03-31,France,X3,Electric,Diesel,53610,675,128840,225,0.36
2019-04-30,India,X7,SUV,Hybrid,36079,351,215767,116,1.7
2017-11-30,Japan,X3,Sedan,Electric,81751,355,211297,118,0.73
2018-01-31,China,i4,Electric,Petrol,90432,1195,398216,381,0.37
2017-11-30,Brazil,X3,SUV,Hybrid,65951,811,408511,366,0.76
2015-11-30,UK,3 Series,Sedan,Diesel,115863,473,99156,190,0.18
2015-02-28,India,X3,Sedan,Petrol,113291,1027,258281,365,0.22
2019-09-30,Germany,X1,Electric,Hybrid,94872,505,137453,173,0.29
2020-10-31,Germany,X5,Sedan,Petrol,42235,369,208901,77,1.34
2017-02-28,India,7 Series,Electric,Petrol,117733,782,75938,301,0.08
2023-05-31,Germany,X3,Sedan,Hybrid,97712,432,109164,189,0.26
2019-09-30,China,5 Series,SUV,Petrol,56473,773,497746,190,1.14
2022-09-30,Germany,X5,Electric,Electric,102567,554,249271,178,0.44
2015-08-31,Canada,X5,Electric,Hybrid,114823,398,110282,31,0.24
2019-01-31,Brazil,X3,Sedan,Electric,67230,424,359945,75,1.26
2017-01-31,Germany,X5,Sedan,Diesel,119573,67,452681,30,5.65
2015-09-30,Brazil,X7,Electric,Petrol,103876,540,315470,109,0.56
2018-11-30,France,X3,Sedan,Diesel,75644,887,446875,393,0.67
2019-08-31,USA,3 Series,SUV,Diesel,83664,687,208666,309,0.36
2021-10-31,China,i4,Sedan,Petrol,80203,514,165819,112,0.4
2015-09-30,USA,X1,SUV,Hybrid,101677,255,316907,56,1.22
2017-07-31,France,i7,SUV,Petrol,60425,302,191900,48,1.05
2016-03-31,China,iX,SUV,Diesel,119817,730,359732,294,0.41
2023-03-31,India,X5,SUV,Diesel,104806,847,323365,319,0.36
2024-02-29,India,3 Series,SUV,Hybrid,77814,498,454427,99,1.17
2020-05-31,Brazil,7 Series,Sedan,Petrol,105219,176,63569,94,0.34
2024-12-31,France,7 Series,SUV,Diesel,84646,736,277966,282,0.45
2017-12-31,Brazil,iX,Sedan,Electric,74884,836,87860,345,0.14
2022-03-31,UK,X1,SUV,Diesel,104322,609,252630,197,0.4
2022-06-30,Germany,X5,Electric,Diesel,56650,753,357481,168,0.84
2016-02-29,Australia,X7,SUV,Hybrid,44190,632,495527,252,1.77
2020-12-31,UK,iX,Electric,Electric,73196,531,194587,82,0.5
2021-03-31,Germany,X1,SUV,Diesel,74449,542,121695,58,0.3
2016-05-31,China,X5,SUV,Diesel,74661,529,303078,110,0.77
2024-12-31,Brazil,3 Series,SUV,Electric,64709,130,292599,11,3.48
2016-11-30,China,i4,Electric,Petrol,115428,533,418893,253,0.68
2024-11-30,China,X7,Electric,Petrol,110179,430,205976,185,0.43
2015-01-31,Germany,i7,SUV,Diesel,44943,647,241007,247,0.83
2022-01-31,France,7 Series,Sedan,Diesel,78240,520,355934,68,0.87
2015-10-31,Germany,5 Series,SUV,Petrol,80760,961,380724,362,0.49
2023-09-30,Japan,3 Series,Electric,Hybrid,56042,552,55636,108,0.18
2020-07-31,India,7 Series,SUV,Electric,78894,1150,311578,368,0.34
2021-01-31,India,X3,Electric,Electric,41869,361,389273,11,2.58
2024-12-31,UK,5 Series,Electric,Hybrid,96078,630,446108,252,0.74
2021-08-31,India,7 Series,Electric,Hybrid,91759,876,333816,306,0.42
2024-03-31,Germany,X1,SUV,Hybrid,79306,525,317956,220,0.76
2017-08-31,Canada,X7,Electric,Hybrid,90371,718,277693,132,0.43
2016-05-31,Brazil,7 Series,Electric,Hybrid,55918,680,50654,238,0.13
2023-01-31,Germany,i7,SUV,Hybrid,63379,466,104633,91,0.35
2022-07-31,Germany,i4,Electric,Electric,118232,497,67143,153,0.11
2024-05-31,Australia,X1,SUV,Hybrid,37962,893,105934,397,0.31
2021-06-30,Brazil,3 Series,Electric,Petrol,48851,347,379478,149,2.24
2023-06-30,Japan,3 Series,Sedan,Hybrid,80747,158,153463,38,1.2
2018-08-31,India,3 Series,Sedan,Hybrid,87349,701,175851,279,0.29
2018-09-30,Brazil,3 Series,Electric,Electric,105832,657,79087,256,0.11
2015-02-28,India,i4,Sedan,Electric,91356,306,192690,21,0.69
2022-09-30,UK,7 Series,SUV,Hybrid,49745,958,320590,364,0.67
2017-12-31,Brazil,X5,Sedan,Electric,40730,1096,414271,398,0.93
2021-11-30,India,7 Series,Electric,Diesel,48921,1086,361011,346,0.68
2016-10-31,Japan,X3,Electric,Electric,106138,647,494244,115,0.72
2016-09-30,USA,X7,SUV,Electric,118111,290,372245,41,1.09
2021-10-31,China,5 Series,Electric,Electric,54023,475,208272,83,0.81
2020-10-31,China,X5,SUV,Electric,80349,521,276179,180,0.66
2017-07-31,Japan,X5,Sedan,Petrol,116533,1019,400218,346,0.34
2023-01-31,Australia,7 Series,Sedan,Petrol,118286,421,242537,78,0.49
2024-07-31,USA,X5,SUV,Petrol,76979,630,267508,310,0.55
2020-10-31,UK,iX,SUV,Hybrid,57837,811,168422,371,0.36
2024-05-31,Japan,iX,Electric,Hybrid,49997,465,400036,146,1.72
2024-06-30,China,X3,Sedan,Diesel,80039,542,269631,109,0.62
2020-10-31,China,5 Series,SUV,Petrol,55923,395,432188,155,1.96
2015-07-31,China,i7,Sedan,Hybrid,43876,467,89148,18,0.44
2018-05-31,France,i4,SUV,Electric,95973,536,395072,71,0.77
2024-07-31,Japan,7 Series,Sedan,Electric,37887,571,201770,194,0.93
2020-09-30,Germany,i4,Electric,Petrol,98723,206,485686,38,2.39
2020-03-31,UK,i7,Sedan,Diesel,77422,1135,363804,390,0.41
2019-08-31,China,7 Series,Sedan,Diesel,86413,453,497126,123,1.27
2015-02-28,India,7 Series,Sedan,Electric,37841,517,347594,152,1.78
2022-11-30,Japan,5 Series,Sedan,Diesel,63756,1137,237535,399,0.33
2019-07-31,France,i4,Sedan,Petrol,106576,539,345901,129,0.6
2019-02-28,Japan,iX,Electric,Electric,45304,613,128012,179,0.46
2021-04-30,UK,3 Series,SUV,Hybrid,65341,730,418894,166,0.88
2018-07-31,France,i4,Sedan,Hybrid,39758,934,439187,344,1.18
2020-03-31,UK,X7,Electric,Diesel,52010,980,474606,358,0.93
2018-02-28,Japan,X7,Sedan,Electric,95758,725,106116,269,0.15
2017-11-30,Germany,7 Series,Sedan,Electric,66658,499,194233,91,0.58
2021-10-31,UK,3 Series,SUV,Hybrid,84002,662,82152,251,0.15
2022-07-31,France,X1,Sedan,Electric,36375,608,156379,181,0.71
2018-01-31,France,i7,Electric,Electric,57092,719,276905,240,0.67
2016-08-31,UK,X3,Electric,Electric,35490,450,70836,217,0.44
2024-03-31,Canada,3 Series,SUV,Diesel,38729,257,271439,84,2.73
2017-12-31,Japan,X3,Sedan,Electric,40974,699,236720,279,0.83
2015-12-31,Canada,i4,Electric,Petrol,118860,1078,207403,396,0.16
2022-02-28,Australia,i4,Sedan,Diesel,56398,246,191835,123,1.38
2017-03-31,Japan,X3,Sedan,Electric,69650,197,381588,71,2.78
2024-05-31,UK,i7,Sedan,Electric,56292,931,143109,371,0.27
2021-11-30,USA,3 Series,SUV,Petrol,38159,1013,200259,329,0.52
2024-08-31,UK,X1,Sedan,Diesel,97766,499,193029,111,0.4
2019-10-31,Canada,7 Series,Electric,Hybrid,52065,977,447595,371,0.88
2024-07-31,Germany,5 Series,Sedan,Hybrid,56638,790,471175,219,1.05
2019-07-31,UK,i4,Electric,Diesel,36073,880,132018,264,0.42
2021-12-31,UK,X7,Sedan,Electric,81511,346,173076,29,0.61
2023-07-31,Germany,i7,Electric,Electric,119307,353,208177,67,0.49
2019-08-31,UK,5 Series,Electric,Hybrid,64320,620,444093,121,1.11
2015-01-31,China,X1,Sedan,Hybrid,104876,675,229425,322,0.32
2024-04-30,USA,X5,Sedan,Hybrid,69924,667,395932,205,0.85
2024-06-30,India,7 Series,Electric,Petrol,116720,868,409014,384,0.4
2015-09-30,USA,i4,SUV,Hybrid,75734,836,265657,362,0.42
2016-02-29,UK,7 Series,Sedan,Petrol,103116,231,395452,101,1.66
2020-01-31,China,5 Series,SUV,Diesel,75025,567,494783,61,1.16
2023-10-31,Japan,7 Series,Sedan,Electric,37159,1016,370057,302,0.98
2022-12-31,UK,X5,Sedan,Hybrid,83940,386,52637,17,0.16
2019-02-28,Canada,5 Series,Sedan,Electric,114436,730,354169,309,0.42
2015-07-31,China,i4,Sedan,Electric,111976,552,287989,107,0.47
2021-03-31,Germany,3 Series,SUV,Hybrid,49678,875,282259,245,0.65
2019-10-31,China,X7,Sedan,Hybrid,96075,1083,411652,398,0.4
2020-02-29,Germany,5 Series,Electric,Diesel,82204,978,132464,383,0.16
2021-11-30,Australia,iX,Electric,Petrol,47021,248,340886,78,2.92
2017-07-31,India,X5,SUV,Petrol,41772,351,61831,54,0.42
2024-02-29,Brazil,5 Series,Sedan,Electric,102163,556,163768,146,0.29
2017-03-31,China,5 Series,Electric,Hybrid,108755,578,296983,243,0.47
2019-11-30,France,iX,SUV,Diesel,58464,147,397236,41,4.62
2020-07-31,Canada,i4,Sedan,Diesel,86137,886,403023,298,0.53
2023-04-30,UK,5 Series,Electric,Diesel,65232,319,400514,135,1.92
2019-01-31,Canada,X7,Electric,Diesel,96497,369,438681,76,1.23
2015-05-31,USA,7 Series,SUV,Diesel,109024,493,489978,39,0.91
2018-12-31,Brazil,i4,Sedan,Petrol,86448,581,154824,123,0.31
2019-09-30,USA,X7,Sedan,Petrol,119517,517,138741,213,0.22
2024-08-31,Australia,i4,Electric,Petrol,35901,207,68830,38,0.93
2024-12-31,Brazil,X7,Electric,Hybrid,118597,281,367188,140,1.1
2019-09-30,Brazil,X5,Electric,Electric,37881,775,386092,194,1.32
2021-10-31,USA,X7,Sedan,Diesel,64863,724,119202,262,0.25
2018-09-30,Germany,X3,SUV,Hybrid,40622,664,349189,295,1.29
2015-07-31,USA,X7,SUV,Diesel,36378,953,267394,395,0.77
2019-04-30,Canada,3 Series,Sedan,Petrol,118168,187,252123,71,1.14
2021-05-31,Germany,3 Series,SUV,Hybrid,106186,305,419653,12,1.3
2024-01-31,Canada,i7,Electric,Petrol,80201,525,207699,77,0.49
2024-01-31,Australia,X3,SUV,Diesel,94251,451,327342,34,0.77
2020-03-31,UK,X3,SUV,Diesel,107572,813,381665,188,0.44
2019-08-31,Japan,7 Series,SUV,Electric,74255,552,156471,150,0.38
2018-02-28,Germany,X3,Electric,Diesel,98212,911,341619,240,0.38
2016-04-30,Australia,7 Series,Sedan,Petrol,85210,865,286824,309,0.39
2018-02-28,France,i7,Electric,Diesel,57499,765,69403,172,0.16
2024-05-31,Australia,i7,Sedan,Electric,86628,638,53681,320,0.1
2024-09-30,USA,X5,Sedan,Electric,96360,313,403699,139,1.34
2017-01-31,USA,3 Series,Sedan,Petrol,39603,778,431028,255,1.4
2024-05-31,Japan,X7,SUV,Hybrid,47632,947,405266,306,0.9
2015-09-30,Australia,X7,SUV,Diesel,65607,588,165260,181,0.43
2022-01-31,India,iX,Sedan,Electric,100756,517,223364,73,0.43
2019-09-30,UK,iX,Sedan,Diesel,81994,192,155386,40,0.99
2018-08-31,USA,X1,SUV,Diesel,98382,400,283378,56,0.72
2022-04-30,Japan,i4,Electric,Hybrid,105354,469,448845,139,0.91
2021-12-31,UK,X5,Sedan,Electric,91344,884,143246,361,0.18
2016-11-30,Australia,X1,Electric,Diesel,88775,910,145864,342,0.18
2015-10-31,Australia,X1,SUV,Electric,42349,372,258886,119,1.64
2018-05-31,Brazil,5 Series,Sedan,Petrol,106154,305,320561,78,0.99
2022-05-31,Japan,5 Series,Electric,Petrol,62464,636,431032,67,1.08
2016-11-30,USA,X1,Electric,Diesel,77624,433,215837,115,0.64
2017-12-31,India,X3,Electric,Electric,72344,931,386643,309,0.57
2015-06-30,Australia,i4,SUV,Diesel,118791,751,443052,339,0.5
2015-07-31,India,X5,SUV,Electric,59299,904,295160,265,0.55
2017-08-31,Australia,X1,Electric,Electric,82975,652,237646,321,0.44
2019-08-31,USA,X7,Electric,Hybrid,36462,573,309278,180,1.48
2017-11-30,UK,i4,SUV,Hybrid,116441,1027,339819,392,0.28
2015-02-28,China,5 Series,Electric,Hybrid,116788,575,306681,171,0.46
2015-09-30,UK,X7,Electric,Diesel,75581,848,221635,295,0.35
2022-07-31,Australia,5 Series,SUV,Hybrid,106289,432,61332,80,0.13
2024-04-30,Canada,5 Series,Electric,Hybrid,49175,918,304817,264,0.68
2016-04-30,China,i4,Electric,Petrol,41191,1197,331321,383,0.67
2017-11-30,China,5 Series,Electric,Electric,118434,216,442704,64,1.73
2016-08-31,India,i7,SUV,Electric,119518,847,270326,332,0.27
2017-04-30,Japan,3 Series,Electric,Hybrid,115158,72,249519,12,3.01
2021-06-30,India,i7,SUV,Electric,101537,416,311849,35,0.74
2015-05-31,India,3 Series,SUV,Petrol,82645,827,369248,322,0.54
2024-03-31,Canada,iX,Sedan,Petrol,58283,355,396479,135,1.92
2022-10-31,UK,iX,Sedan,Hybrid,94123,254,427082,62,1.79
2024-11-30,UK,5 Series,Electric,Petrol,65024,626,130730,207,0.32
2024-02-29,France,X5,SUV,Electric,84630,862,448167,308,0.61
2024-09-30,Australia,X5,Sedan,Diesel,65734,409,287474,197,1.07
2016-10-31,Canada,3 Series,Electric,Electric,35515,561,340477,195,1.71
2017-09-30,France,X7,Sedan,Diesel,101727,889,333817,314,0.37
2023-01-31,USA,i4,Sedan,Hybrid,81216,784,426565,307,0.67
2021-10-31,Australia,5 Series,SUV,Diesel,106833,495,90870,213,0.17
2018-03-31,Australia,i4,SUV,Petrol,93755,417,303017,20,0.78
2024-08-31,Brazil,i7,Sedan,Electric,62856,869,177536,368,0.33
2019-06-30,Brazil,X5,Sedan,Diesel,108870,951,383245,363,0.37
2016-05-31,Germany,X3,SUV,Electric,59162,542,334965,155,1.04
2022-05-31,Germany,i7,Electric,Hybrid,41008,398,75494,94,0.46
2018-06-30,India,i7,SUV,Hybrid,42987,296,149477,109,1.17
2023-07-31,USA,3 Series,Sedan,Petrol,97532,517,438227,113,0.87
2019-01-31,China,7 Series,Electric,Hybrid,38332,418,255232,55,1.59
2023-09-30,China,i7,Sedan,Diesel,101323,306,424842,53,1.37
2018-03-31,Brazil,5 Series,Electric,Hybrid,73990,930,423704,287,0.62
2024-04-30,Brazil,X1,Sedan,Petrol,44873,805,444051,190,1.23
2019-10-31,Brazil,X1,Electric,Electric,117542,538,330790,196,0.52
2023-01-31,Canada,5 Series,Electric,Electric,71444,697,173777,123,0.35
2022-11-30,Japan,7 Series,Sedan,Hybrid,70340,902,127360,264,0.2
2017-10-31,Germany,7 Series,Electric,Diesel,40033,1118,349479,390,0.78
2015-03-31,Canada,3 Series,SUV,Petrol,108324,1242,381495,389,0.28
2017-02-28,UK,X5,Sedan,Diesel,50689,406,427078,39,2.08
2018-02-28,China,i4,SUV,Petrol,35066,878,183501,273,0.6
2016-01-31,Australia,7 Series,Sedan,Hybrid,80246,479,354094,107,0.92
2015-08-31,Germany,X3,Electric,Petrol,42533,721,110654,322,0.36
2021-03-31,France,3 Series,Electric,Petrol,115639,1161,419566,376,0.31
2022-03-31,UK,iX,Electric,Hybrid,105152,717,422078,338,0.56
2021-06-30,Germany,X7,Sedan,Diesel,94658,428,169975,124,0.42
2019-08-31,Canada,iX,SUV,Hybrid,73498,929,249215,285,0.36
2015-09-30,USA,3 Series,SUV,Petrol,46772,1044,403330,290,0.83
2021-09-30,Australia,i7,Sedan,Hybrid,84036,1016,416378,284,0.49
2021-04-30,Germany,i4,Sedan,Petrol,93531,602,152326,270,0.27
2023-05-31,Japan,X7,SUV,Hybrid,47940,1109,127527,340,0.24
2017-02-28,Brazil,iX,SUV,Electric,51932,711,398848,216,1.08
2023-11-30,Brazil,X7,SUV,Electric,91827,896,474315,393,0.58
2015-09-30,Australia,X3,SUV,Hybrid,96431,937,482601,337,0.53
2015-08-31,Canada,X3,Sedan,Diesel,59648,724,216991,220,0.5
2018-03-31,Brazil,X3,Sedan,Petrol,67966,480,146952,224,0.45
2023-11-30,Germany,3 Series,Electric,Electric,62777,157,372926,49,3.78
2020-12-31,France,i4,SUV,Diesel,67567,488,383260,35,1.16
2017-09-30,China,3 Series,Electric,Petrol,52174,149,401770,36,5.17
2015-03-31,China,X1,Sedan,Electric,77598,863,483603,199,0.72
2018-09-30,UK,i7,Sedan,Electric,94199,512,196895,92,0.41
2023-02-28,India,i7,Electric,Hybrid,48798,1153,96015,393,0.17
2017-12-31,USA,X3,SUV,Petrol,100364,639,152877,179,0.24
2023-10-31,Australia,X1,SUV,Diesel,52558,545,327483,176,1.14
2021-09-30,UK,7 Series,SUV,Diesel,96084,430,184563,197,0.45
2018-08-31,India,7 Series,SUV,Diesel,79237,807,443922,178,0.69
2017-09-30,Canada,X3,Electric,Petrol,100497,622,147493,298,0.24
2024-05-31,Japan,iX,Electric,Diesel,35178,805,196800,238,0.69
2019-11-30,Japan,3 Series,Sedan,Diesel,52118,667,450213,106,1.3
2019-11-30,USA,X3,SUV,Diesel,57616,1202,241480,376,0.35
2017-02-28,Brazil,X5,SUV,Hybrid,35798,151,441670,25,8.17
2023-08-31,Germany,X7,SUV,Hybrid,42601,711,481739,288,1.59
2018-12-31,UK,i7,Electric,Petrol,60363,561,171648,144,0.51
2019-06-30,UK,7 Series,SUV,Petrol,37795,192,337307,35,4.65
2018-08-31,Australia,5 Series,Electric,Diesel,80264,936,198790,361,0.26
2019-11-30,Australia,7 Series,SUV,Hybrid,107833,395,137508,21,0.32
2021-05-31,Japan,i7,SUV,Electric,38084,267,264839,81,2.6
2023-10-31,Japan,X7,Sedan,Electric,111646,716,351763,142,0.44
2021-02-28,France,i7,SUV,Diesel,35731,524,324270,115,1.73
2019-06-30,France,5 Series,SUV,Diesel,36129,717,114926,229,0.44
2024-05-31,Brazil,X3,Sedan,Hybrid,63022,935,90633,382,0.15
2024-12-31,France,X1,Electric,Hybrid,36605,622,258726,186,1.14
2021-12-31,Germany,5 Series,Electric,Hybrid,112506,681,53317,291,0.07
2024-05-31,Germany,i7,SUV,Petrol,79130,348,357124,142,1.3
2019-01-31,UK,i7,Electric,Petrol,64265,231,356259,31,2.4
2017-02-28,China,X5,SUV,Diesel,67330,896,242718,278,0.4
2021-08-31,Germany,X5,Sedan,Petrol,103469,735,355302,170,0.47
2016-03-31,India,i4,Sedan,Hybrid,50187,708,237035,116,0.67
2023-10-31,Japan,X5,SUV,Hybrid,60791,625,490847,288,1.29
2024-03-31,Australia,3 Series,Sedan,Petrol,105610,1022,230388,362,0.21
2024-08-31,France,X1,Sedan,Electric,74867,951,417508,244,0.59
2015-08-31,UK,X7,SUV,Diesel,35893,212,327648,27,4.31
2020-02-29,USA,5 Series,SUV,Electric,54773,982,249665,251,0.46
2021-08-31,Australia,i7,Sedan,Diesel,39239,659,469876,126,1.82
2022-11-30,India,i4,Electric,Electric,55863,1031,349340,295,0.61
2024-01-31,France,i4,Electric,Petrol,86415,666,378082,291,0.66
2023-06-30,India,X7,SUV,Diesel,103968,601,451821,153,0.72
2016-08-31,Japan,X1,SUV,Diesel,95430,510,369532,214,0.76
2024-03-31,Japan,5 Series,Electric,Diesel,36515,474,262369,48,1.52
2016-08-31,Brazil,7 Series,Sedan,Hybrid,49605,759,105501,163,0.28
2019-12-31,UK,X5,Electric,Hybrid,91240,750,234381,185,0.34
2019-01-31,Australia,X3,Electric,Electric,40586,930,77043,250,0.2
2020-11-30,Canada,i4,Electric,Petrol,66186,905,83635,395,0.14
2017-11-30,Canada,X5,Electric,Hybrid,61928,798,260387,378,0.53
2022-09-30,Australia,X5,SUV,Diesel,118087,311,130691,143,0.36
2015-11-30,USA,3 Series,SUV,Hybrid,55711,170,345276,55,3.65
2020-09-30,UK,X1,Sedan,Petrol,89962,282,327510,59,1.29
2018-05-31,India,X3,Sedan,Hybrid,55039,668,143944,175,0.39
2015-10-31,USA,7 Series,Sedan,Diesel,71561,284,253179,115,1.25
2021-04-30,China,i7,Sedan,Electric,110483,641,427411,225,0.6
2023-11-30,Australia,3 Series,Electric,Diesel,116395,550,89236,155,0.14
2018-06-30,India,X5,SUV,Petrol,36577,626,316294,81,1.38
2018-12-31,Canada,X5,SUV,Electric,63350,1033,423513,339,0.65
2020-07-31,Germany,iX,Sedan,Hybrid,68798,730,331567,282,0.66
2017-05-31,Brazil,X3,Sedan,Hybrid,116417,705,54137,256,0.07
2020-11-30,Canada,X3,Electric,Hybrid,45785,542,79992,195,0.32
2021-10-31,UK,iX,Electric,Electric,107227,380,422684,79,1.04
2024-09-30,Japan,X3,Sedan,Diesel,96957,605,165140,159,0.28
2024-03-31,Germany,X5,SUV,Electric,100431,646,225993,255,0.35
2017-07-31,Brazil,i4,SUV,Electric,52297,738,171225,271,0.44
2021-10-31,Brazil,5 Series,SUV,Petrol,106894,467,379061,35,0.76
2017-10-31,China,X5,Sedan,Electric,98772,406,385834,149,0.96
2016-11-30,China,3 Series,SUV,Hybrid,54581,346,346379,108,1.83
2024-05-31,France,X1,Electric,Diesel,90192,784,260047,287,0.37
2018-07-31,Canada,iX,Electric,Diesel,36462,182,69122,60,1.04
2022-02-28,Canada,7 Series,Sedan,Diesel,99173,431,336100,160,0.79
2023-04-30,Canada,i7,Electric,Hybrid,50511,309,113879,113,0.73
2021-02-28,France,7 Series,Sedan,Hybrid,111106,381,108560,98,0.26
2015-12-31,USA,X5,SUV,Hybrid,83665,553,422454,150,0.91
2017-07-31,Brazil,3 Series,SUV,Hybrid,79414,632,249757,222,0.5
2023-02-28,Germany,X5,SUV,Hybrid,116010,887,467876,242,0.45
2015-11-30,UK,X1,Electric,Electric,107573,759,287268,192,0.35
2023-01-31,Brazil,i4,Sedan,Hybrid,48386,615,313312,260,1.05
2022-09-30,China,i7,SUV,Hybrid,89460,111,357268,18,3.6
2015-01-31,India,X1,Sedan,Hybrid,41221,492,216969,88,1.07
2020-08-31,Japan,iX,SUV,Hybrid,58474,245,196104,61,1.37
2019-02-28,France,iX,Electric,Diesel,56045,1114,364941,395,0.58
2020-12-31,Australia,X5,Electric,Hybrid,39922,641,347438,278,1.36
2024-08-31,India,3 Series,Sedan,Electric,57706,737,487043,235,1.15
2019-03-31,UK,X1,Electric,Electric,77771,225,315660,60,1.8
2020-06-30,Canada,X7,Electric,Electric,87335,451,200823,195,0.51
2019-03-31,China,3 Series,Sedan,Petrol,87949,265,80373,43,0.34
2019-07-31,China,i4,SUV,Diesel,105714,609,172026,300,0.27
2018-10-31,China,iX,Electric,Hybrid,50240,703,80270,239,0.23
2017-09-30,Canada,X5,Sedan,Petrol,37716,327,453602,140,3.68
2017-02-28,Australia,X3,Electric,Hybrid,51574,591,282931,129,0.93
2018-12-31,France,iX,Electric,Petrol,118255,1069,245889,335,0.19
2023-12-31,India,i7,Electric,Petrol,108717,530,115184,256,0.2
2016-05-31,Canada,5 Series,Electric,Electric,79066,587,260765,201,0.56
2023-06-30,UK,X3,Sedan,Electric,96826,905,87879,332,0.1
2015-04-30,France,X5,Sedan,Petrol,55213,717,361741,219,0.91
2015-04-30,UK,X7,Sedan,Electric,106916,408,482348,112,1.11
2019-04-30,France,X3,Electric,Petrol,101151,976,53626,338,0.05
2020-02-29,Australia,i7,Electric,Diesel,85906,802,135936,381,0.2
2020-04-30,Japan,3 Series,Electric,Electric,35463,644,284873,142,1.25
2017-11-30,UK,X7,Sedan,Electric,66973,737,131515,332,0.27
2021-01-31,Canada,iX,Electric,Electric,109694,410,258137,148,0.57
2023-12-31,France,X7,SUV,Diesel,55651,511,105390,130,0.37
2024-06-30,China,X1,Electric,Petrol,103694,527,459861,103,0.84
2022-01-31,Brazil,i7,SUV,Hybrid,55008,521,273032,138,0.95
2020-10-31,China,X3,Electric,Electric,105474,355,104144,100,0.28
2022-06-30,USA,X1,Sedan,Petrol,73185,406,194454,101,0.65
2019-01-31,Japan,X7,Electric,Diesel,109417,250,54025,72,0.2
2022-06-30,Japan,X1,SUV,Hybrid,106139,407,486442,38,1.13
2024-10-31,China,7 Series,SUV,Electric,69980,914,391524,219,0.61
2018-08-31,India,i7,Electric,Diesel,57504,387,304043,21,1.37
2024-11-30,Australia,i4,SUV,Diesel,89970,798,168910,342,0.24
2022-02-28,UK,3 Series,SUV,Hybrid,51766,1027,146055,306,0.27
2024-02-29,Canada,X7,Sedan,Petrol,46695,314,438333,139,2.99
2016-12-31,Japan,i7,Electric,Electric,52796,953,255782,302,0.51
2019-04-30,China,i4,Electric,Electric,77543,797,446659,182,0.72
2023-11-30,China,i4,Electric,Petrol,49559,668,333539,217,1.01
2018-03-31,Australia,X5,SUV,Petrol,68139,459,322869,33,1.03
2020-04-30,Australia,X1,Electric,Petrol,43802,637,83461,108,0.3
2015-12-31,Germany,i4,Electric,Hybrid,108843,822,308072,365,0.34
2023-07-31,Germany,7 Series,Sedan,Hybrid,75205,309,91115,148,0.39
2015-11-30,India,i7,Sedan,Electric,69159,994,160084,323,0.23
2019-01-31,India,5 Series,Sedan,Hybrid,46516,496,395876,183,1.72
2018-06-30,USA,5 Series,SUV,Diesel,85492,354,391701,38,1.29
2017-03-31,India,X7,Electric,Electric,64086,381,383404,152,1.57
2020-11-30,France,iX,Sedan,Hybrid,65480,984,209762,325,0.33
2016-10-31,Australia,X1,Sedan,Petrol,87091,829,313551,360,0.43
2017-07-31,Canada,iX,Sedan,Diesel,82766,106,123568,51,1.41
2019-10-31,France,i4,Electric,Petrol,73737,720,108560,308,0.2
2023-02-28,UK,i7,Electric,Electric,44265,835,490556,217,1.33
2016-02-29,China,X7,Electric,Petrol,105990,1024,198866,339,0.18
2024-04-30,India,X3,SUV,Hybrid,50386,815,200953,201,0.49
2022-01-31,China,i4,SUV,Hybrid,72425,719,267364,169,0.51
2016-03-31,Japan,X1,Sedan,Electric,78254,377,286770,73,0.97
2019-09-30,USA,5 Series,Electric,Petrol,88634,663,276024,252,0.47
2021-07-31,Japan,X5,Sedan,Electric,82662,641,230775,267,0.44
2022-07-31,USA,i7,Electric,Petrol,110452,415,487570,161,1.06
2015-11-30,Germany,3 Series,Electric,Diesel,45143,651,141288,224,0.48
2020-04-30,China,iX,Electric,Hybrid,50581,877,431164,331,0.97
2015-02-28,USA,X7,SUV,Electric,102443,533,411445,175,0.75
2016-04-30,Brazil,iX,SUV,Diesel,64424,456,299836,40,1.02
2015-06-30,France,i7,Electric,Diesel,76984,814,64390,380,0.1
2019-11-30,USA,iX,Sedan,Electric,76505,557,268547,241,0.63
2024-11-30,USA,i7,Electric,Electric,97699,730,77307,291,0.11
2023-03-31,France,iX,Electric,Diesel,61957,550,277436,38,0.81
2020-01-31,China,7 Series,Sedan,Petrol,60464,842,275121,204,0.54
2015-12-31,China,X3,Electric,Diesel,58649,1071,301063,343,0.48
2015-08-31,France,i4,Sedan,Electric,77065,929,74502,265,0.1
2016-12-31,Japan,i4,SUV,Diesel,69758,977,72486,290,0.11
2023-05-31,Brazil,X1,SUV,Petrol,40596,989,423957,313,1.06
2017-05-31,Canada,3 Series,Sedan,Hybrid,51374,1096,219330,330,0.39
2015-11-30,UK,3 Series,SUV,Hybrid,38775,835,238788,332,0.74
2019-04-30,Brazil,X1,SUV,Diesel,62388,886,278300,355,0.5
2021-06-30,China,X5,Sedan,Petrol,56029,682,153920,303,0.4
2020-03-31,Canada,i4,SUV,Hybrid,118981,622,262566,96,0.35
2015-09-30,Germany,X5,Electric,Diesel,88639,482,394912,158,0.92
2019-05-31,India,i7,Electric,Diesel,49645,739,453964,258,1.24
2019-03-31,USA,i7,Sedan,Petrol,66105,1062,112785,330,0.16
2020-11-30,France,5 Series,SUV,Electric,48668,995,126050,292,0.26
2017-01-31,France,iX,Electric,Diesel,50960,759,72738,371,0.19
2019-10-31,USA,3 Series,Electric,Electric,46357,895,124231,388,0.3
2021-12-31,India,5 Series,SUV,Electric,99604,754,123606,207,0.16
2019-06-30,UK,X3,SUV,Hybrid,86796,203,353806,53,2.01
2019-02-28,India,X1,Electric,Electric,50804,1193,430457,365,0.71
2019-03-31,Canada,X1,Electric,Petrol,49626,226,277369,37,2.47
2024-01-31,India,i7,Sedan,Hybrid,63132,267,327267,26,1.94
2024-09-30,Canada,i4,Sedan,Hybrid,42951,475,206688,136,1.01
2017-08-31,India,X5,Electric,Hybrid,41449,1119,323326,388,0.7
2015-12-31,UK,3 Series,Sedan,Diesel,54065,713,402513,177,1.04
2019-02-28,UK,5 Series,Electric,Diesel,44130,744,212403,253,0.65
2023-12-31,China,X5,Electric,Electric,97287,963,227170,396,0.24
2015-11-30,USA,5 Series,Sedan,Hybrid,86702,304,76128,85,0.29
2017-08-31,UK,iX,Sedan,Hybrid,71993,766,81556,240,0.15
2018-12-31,Canada,X3,SUV,Petrol,66875,434,308470,213,1.06
2015-09-30,UK,X3,SUV,Electric,41054,905,202948,257,0.55
2015-01-31,China,X5,SUV,Petrol,83517,662,190021,311,0.34
2022-05-31,France,X5,Electric,Electric,111368,513,101962,223,0.18
2016-08-31,Canada,X5,Sedan,Electric,64670,800,140054,224,0.27
2022-11-30,China,5 Series,Electric,Diesel,84112,679,252278,167,0.44
2021-02-28,Japan,iX,Sedan,Diesel,63307,221,74099,78,0.53
2024-04-30,Japan,7 Series,Electric,Petrol,102087,256,285943,94,1.09
2024-07-31,Germany,X5,SUV,Electric,82922,853,455932,276,0.64
2016-03-31,India,i4,SUV,Hybrid,98080,317,233683,78,0.75
2020-12-31,USA,3 Series,SUV,Diesel,114335,461,219957,108,0.42
2020-05-31,Australia,3 Series,Electric,Hybrid,61312,964,365288,356,0.62
2017-08-31,Brazil,5 Series,Sedan,Petrol,101985,453,246292,225,0.53
2016-12-31,China,X5,Sedan,Diesel,92608,622,57837,170,0.1
2015-10-31,France,i7,SUV,Diesel,75277,275,230427,103,1.11
2020-03-31,Brazil,X1,SUV,Electric,66551,400,228371,183,0.86
2019-04-30,France,7 Series,SUV,Petrol,91597,769,462375,174,0.66
2023-09-30,Brazil,i4,SUV,Electric,80212,519,437356,124,1.05
2015-07-31,China,iX,Sedan,Diesel,44637,861,428824,229,1.12
2021-01-31,Australia,i7,Electric,Petrol,78258,505,298003,40,0.75
2019-12-31,Brazil,X3,Electric,Diesel,70693,429,418946,20,1.38
2019-04-30,China,i7,Electric,Petrol,44824,1007,152413,352,0.34
2016-04-30,UK,5 Series,Electric,Diesel,61950,931,101012,386,0.18
2017-09-30,Australia,7 Series,SUV,Hybrid,58488,426,180193,139,0.72
2021-06-30,Canada,X7,SUV,Hybrid,35215,288,268168,114,2.64
2020-09-30,France,X7,SUV,Electric,46523,298,198178,36,1.43
2016-12-31,Japan,X5,Electric,Hybrid,110900,868,108123,236,0.11
2020-06-30,India,X5,SUV,Diesel,103689,92,161825,11,1.7
2016-06-30,Japan,5 Series,SUV,Diesel,58834,1006,58720,368,0.1
2016-05-31,Australia,iX,Sedan,Hybrid,69474,548,218733,110,0.57
2016-05-31,Canada,X5,Sedan,Electric,78066,187,296103,30,2.03
2017-02-28,France,X1,SUV,Hybrid,45400,286,274970,67,2.12
2016-08-31,Canada,7 Series,Sedan,Petrol,45345,916,274866,398,0.66
2018-08-31,Brazil,5 Series,Sedan,Petrol,68896,708,464336,189,0.95
2023-11-30,France,3 Series,SUV,Petrol,63899,1021,200862,350,0.31
2020-01-31,Brazil,X3,SUV,Hybrid,63229,749,108655,358,0.23
2015-08-31,China,5 Series,SUV,Hybrid,40583,417,240715,29,1.42
2022-05-31,Australia,5 Series,SUV,Hybrid,39897,631,143448,264,0.57
2021-02-28,China,X7,Electric,Petrol,106537,928,228446,326,0.23
2024-02-29,Germany,i4,Electric,Electric,39567,123,223979,47,4.6
2017-06-30,Canada,iX,SUV,Diesel,109807,380,231143,157,0.55
2015-11-30,Brazil,i4,Sedan,Hybrid,112239,446,170507,34,0.34
2019-09-30,UK,X1,SUV,Electric,48329,1088,346956,395,0.66
2018-01-31,China,3 Series,SUV,Diesel,106792,496,361714,130,0.68
2024-12-31,Germany,X7,Sedan,Diesel,35228,171,363045,35,6.03
2022-06-30,USA,3 Series,Electric,Diesel,117214,511,110186,178,0.18
2015-09-30,Japan,X1,SUV,Electric,72052,908,172066,332,0.26
2024-08-31,France,i4,SUV,Electric,92769,778,440508,234,0.61
2015-11-30,Germany,5 Series,Electric,Petrol,81032,247,231323,10,1.16
2018-06-30,Australia,X5,Electric,Electric,68686,834,246243,316,0.43
2022-03-31,China,X5,Sedan,Electric,111981,573,86160,270,0.13
2019-08-31,Australia,i7,Electric,Electric,98261,155,69156,22,0.45
2016-09-30,Japan,X3,Electric,Diesel,37809,529,126208,57,0.63
2020-01-31,UK,iX,Electric,Hybrid,76785,744,199001,322,0.35
2019-12-31,Canada,X1,Sedan,Petrol,71547,1087,281226,380,0.36
2016-09-30,Canada,X3,Electric,Hybrid,77818,684,497421,300,0.93
2017-06-30,Australia,iX,Electric,Hybrid,106927,933,291766,341,0.29
2023-06-30,Brazil,X3,Sedan,Electric,100681,235,245413,103,1.04
2021-12-31,UK,i4,Electric,Petrol,114465,553,407521,270,0.64
2021-04-30,Canada,iX,Electric,Hybrid,72333,644,355007,287,0.76
2020-01-31,UK,i4,Sedan,Hybrid,51576,1073,262909,368,0.48
2022-10-31,Germany,5 Series,SUV,Petrol,74405,597,115439,214,0.26
2018-08-31,UK,X7,Sedan,Electric,108779,827,188266,194,0.21
2022-02-28,India,i4,Electric,Hybrid,66601,425,252459,184,0.89
2018-12-31,Japan,X5,Electric,Diesel,102946,869,171361,396,0.19
2022-01-31,Canada,X3,Electric,Hybrid,102356,1067,262986,389,0.24
2023-02-28,UK,i7,Sedan,Diesel,87116,816,247286,318,0.35
2017-01-31,Australia,7 Series,Electric,Electric,97894,457,408320,78,0.91
2017-01-31,USA,iX,Electric,Hybrid,69635,533,79777,113,0.21
2016-09-30,India,X1,Sedan,Petrol,42465,775,306427,255,0.93
2024-01-31,India,i7,SUV,Petrol,91754,683,207255,170,0.33
2017-04-30,Brazil,X5,SUV,Hybrid,73871,525,470661,209,1.21
2017-10-31,UK,i4,Electric,Electric,97874,482,248110,225,0.53
2019-06-30,Brazil,X7,Sedan,Electric,112733,861,399345,221,0.41
2019-07-31,Brazil,5 Series,Electric,Petrol,64511,193,459414,25,3.69
2016-02-29,USA,7 Series,Sedan,Hybrid,115960,805,464627,381,0.5
2024-06-30,Germany,3 Series,Sedan,Electric,83821,883,231649,341,0.31
2020-07-31,UK,i7,SUV,Petrol,100776,714,328011,214,0.46
2019-10-31,China,X7,SUV,Diesel,105167,824,112501,374,0.13
2020-10-31,Canada,3 Series,Sedan,Hybrid,110135,347,195338,48,0.51
2015-02-28,Brazil,7 Series,Electric,Diesel,79462,298,351566,98,1.48
2019-02-28,Japan,X1,SUV,Diesel,96382,596,216280,265,0.38
2023-10-31,France,X1,Electric,Electric,67574,713,171544,263,0.36
2024-07-31,Japan,X3,SUV,Electric,76910,686,474429,225,0.9
2016-12-31,USA,7 Series,SUV,Electric,108531,785,188439,377,0.22
2015-01-31,USA,7 Series,Electric,Hybrid,60186,922,305230,312,0.55
2024-08-31,Australia,3 Series,SUV,Diesel,57813,514,85362,181,0.29
2023-11-30,Germany,X7,SUV,Hybrid,113812,570,300449,146,0.46
2024-03-31,Canada,iX,Electric,Electric,113282,1129,363732,393,0.28
2023-11-30,Brazil,3 Series,SUV,Diesel,53557,599,219357,187,0.68
2023-06-30,Japan,5 Series,SUV,Hybrid,63060,256,176683,86,1.09
2020-09-30,France,X1,SUV,Hybrid,93866,377,306157,197,0.87
2022-06-30,USA,X1,Electric,Petrol,107104,185,255827,24,1.29
2015-09-30,USA,X3,Sedan,Hybrid,119577,678,252918,301,0.31
2024-07-31,Germany,5 Series,Electric,Electric,41080,967,348451,328,0.88
2018-09-30,France,X1,Sedan,Hybrid,48854,966,392424,334,0.83
2015-02-28,France,3 Series,SUV,Diesel,102695,538,463083,223,0.84
2022-12-31,Germany,5 Series,Sedan,Hybrid,62025,880,368667,217,0.68
2015-08-31,USA,3 Series,Electric,Petrol,87982,495,449594,178,1.03
2017-08-31,Canada,iX,Electric,Diesel,76081,879,265757,339,0.4
2018-02-28,UK,iX,SUV,Diesel,39368,971,157669,289,0.41
2022-12-31,UK,X1,Sedan,Petrol,62094,1012,258030,314,0.41
2020-04-30,Germany,X1,SUV,Electric,81040,707,208998,155,0.36
2024-11-30,France,X7,SUV,Diesel,101766,753,153215,272,0.2
2021-07-31,Brazil,iX,Electric,Electric,118053,290,148707,13,0.43
2022-11-30,Germany,i7,Sedan,Diesel,58991,457,456396,99,1.69
2016-04-30,Canada,i7,Sedan,Diesel,36301,595,142837,69,0.66
2024-04-30,Germany,X3,Sedan,Electric,63610,1086,430214,320,0.62
2022-06-30,India,iX,Sedan,Diesel,116463,244,480147,25,1.69
2017-10-31,Japan,3 Series,SUV,Electric,69678,889,467230,236,0.75
2021-06-30,France,3 Series,SUV,Petrol,59466,415,295847,38,1.2
2017-10-31,Australia,X5,Electric,Electric,115440,527,277544,160,0.46
2021-03-31,Australia,5 Series,SUV,Petrol,75875,694,392016,254,0.74
2016-09-30,France,i4,SUV,Diesel,61081,848,399880,279,0.77
2024-12-31,Canada,i7,Electric,Electric,59354,426,317614,88,1.26
2020-10-31,India,X1,Electric,Diesel,53300,782,277467,298,0.67
2017-11-30,India,X3,Electric,Electric,99384,515,196025,162,0.38
2017-02-28,USA,i4,SUV,Petrol,95892,804,285652,286,0.37
2023-06-30,Japan,7 Series,SUV,Petrol,70525,869,481723,288,0.79
2021-12-31,UK,X3,Electric,Electric,61532,201,405113,66,3.28
2019-07-31,China,7 Series,Electric,Petrol,41464,524,141493,195,0.65
2024-12-31,Canada,iX,Electric,Diesel,51562,476,318667,102,1.3
2021-09-30,China,7 Series,SUV,Diesel,90514,884,267995,285,0.33
2023-03-31,China,7 Series,SUV,Hybrid,109219,430,238262,167,0.51
2015-10-31,France,X7,Sedan,Petrol,67634,849,490977,284,0.86
2021-03-31,Australia,X7,SUV,Diesel,35060,469,343313,190,2.09
2020-07-31,Australia,X7,SUV,Electric,44269,994,95641,368,0.22
2024-04-30,UK,iX,SUV,Petrol,98143,468,204062,86,0.44
2023-08-31,France,i4,Electric,Diesel,58065,786,79661,160,0.17
2015-07-31,China,X3,SUV,Petrol,37895,762,194491,247,0.67
2018-05-31,Brazil,X3,Electric,Electric,115859,640,326601,298,0.44
2023-07-31,Australia,X1,Sedan,Diesel,47352,640,379744,240,1.25
2018-03-31,Canada,X7,Sedan,Hybrid,84737,224,153619,27,0.81
2024-12-31,Canada,iX,Electric,Hybrid,67016,641,388246,82,0.9
2017-02-28,USA,X1,Electric,Petrol,96304,668,83085,198,0.13
2023-06-30,Germany,5 Series,Electric,Electric,46962,396,147064,26,0.79
2016-02-29,Brazil,X1,SUV,Diesel,68302,438,231726,28,0.77
2018-03-31,Australia,i4,Sedan,Electric,39011,951,449346,228,1.21
2020-06-30,India,i7,Electric,Diesel,54782,1066,155723,335,0.27
2016-05-31,Australia,7 Series,SUV,Petrol,102691,390,183114,129,0.46
2022-08-31,USA,X7,Sedan,Diesel,74725,303,382278,110,1.69
2022-09-30,Canada,i7,SUV,Electric,44196,247,355126,43,3.25
2015-11-30,China,X1,Sedan,Electric,78459,576,377329,93,0.83
2017-03-31,India,iX,SUV,Petrol,113863,693,83477,205,0.11
2024-12-31,France,7 Series,Sedan,Electric,67769,1095,164161,339,0.22
2023-10-31,Japan,X3,Sedan,Diesel,59700,482,364853,211,1.27
2019-03-31,China,3 Series,SUV,Petrol,115356,980,209788,353,0.19
2020-03-31,Japan,7 Series,Electric,Diesel,111427,1075,390281,350,0.33
2018-06-30,Brazil,i4,Sedan,Electric,40269,476,348162,20,1.82
2024-01-31,Germany,i4,Electric,Petrol,78880,1122,189133,356,0.21
2016-07-31,India,X1,SUV,Diesel,43320,641,189681,227,0.68
2022-12-31,UK,5 Series,Electric,Electric,84589,820,347515,262,0.5
2020-01-31,India,i4,Electric,Electric,111276,789,291422,231,0.33
2019-05-31,Australia,i4,Electric,Hybrid,70897,985,395165,392,0.57
2023-10-31,Canada,iX,Electric,Electric,93565,928,464021,378,0.53
2015-08-31,Australia,X1,Electric,Diesel,65930,301,320001,89,1.61
2019-04-30,Australia,7 Series,Sedan,Petrol,92233,70,192692,16,2.98
2020-05-31,Brazil,5 Series,Sedan,Hybrid,117821,654,58177,281,0.08
2019-04-30,China,i7,Sedan,Electric,49380,584,473327,236,1.64
2020-12-31,UK,3 Series,SUV,Electric,111896,396,301842,25,0.68
2020-12-31,UK,X7,Electric,Electric,105934,238,400722,21,1.59
2021-04-30,Australia,X3,Sedan,Diesel,90830,629,139941,300,0.24
2018-12-31,Japan,i4,SUV,Hybrid,40529,662,308121,250,1.15
2022-08-31,Brazil,X1,Sedan,Diesel,117987,80,61826,30,0.66
2021-02-28,Australia,X7,Sedan,Hybrid,84178,401,194962,187,0.58
2023-01-31,Germany,X3,Electric,Petrol,41937,588,394572,237,1.6
2021-03-31,Canada,X3,SUV,Diesel,74886,935,176044,282,0.25
2017-09-30,China,i7,Electric,Diesel,84699,796,239103,297,0.35
2017-04-30,France,i7,Electric,Petrol,111396,964,387164,306,0.36
2022-10-31,Germany,i7,Sedan,Hybrid,60279,312,55495,143,0.3
2019-05-31,Japan,X5,Electric,Electric,73106,977,78481,292,0.11
2018-02-28,India,X5,SUV,Petrol,114737,747,192339,162,0.22
2022-04-30,India,X3,Electric,Electric,75544,581,430041,75,0.98
2020-02-29,Germany,i7,Electric,Electric,43997,389,286774,146,1.68
2016-02-29,Australia,iX,Electric,Petrol,75860,330,187815,101,0.75
2018-04-30,France,i4,Sedan,Hybrid,38225,1118,498016,326,1.17
2018-06-30,USA,X7,SUV,Electric,94470,733,153475,268,0.22
2020-07-31,USA,X7,Sedan,Petrol,98656,479,229845,112,0.49
2020-10-31,Japan,X5,Sedan,Diesel,86880,194,369186,64,2.19
2015-03-31,Australia,X3,Sedan,Diesel,96078,637,99476,266,0.16
2022-03-31,UK,X1,Sedan,Diesel,111290,277,273177,110,0.89
2020-10-31,UK,7 Series,Sedan,Petrol,91633,502,340696,207,0.74
2017-06-30,China,7 Series,SUV,Diesel,61655,1066,246314,310,0.37
2023-12-31,France,X5,Electric,Electric,78601,810,488988,235,0.77
2016-03-31,France,X1,Sedan,Diesel,38114,968,486946,246,1.32
2022-02-28,India,X5,Sedan,Diesel,61502,270,210020,35,1.26
2024-08-31,Brazil,7 Series,SUV,Electric,84768,451,257383,130,0.67
2017-05-31,Japan,X1,SUV,Diesel,83128,512,119093,191,0.28
2019-01-31,USA,i7,Electric,Electric,55028,685,119123,208,0.32
2020-03-31,Japan,X3,SUV,Diesel,90565,1051,66535,311,0.07
2024-10-31,UK,X7,Electric,Electric,118123,912,378634,264,0.35
2020-08-31,UK,iX,Sedan,Diesel,70333,376,96562,131,0.37
2018-04-30,Germany,5 Series,Sedan,Electric,38174,420,431186,40,2.69
2017-07-31,China,X3,Electric,Petrol,70398,951,306323,324,0.46
2018-10-31,France,i7,SUV,Electric,70929,869,401224,294,0.65
2015-12-31,Canada,7 Series,Electric,Diesel,39321,367,308916,115,2.14
2018-02-28,Japan,i7,SUV,Diesel,90421,591,239607,233,0.45
2015-07-31,UK,X5,Sedan,Hybrid,107635,662,280063,282,0.39
2015-05-31,Brazil,X1,SUV,Electric,58760,916,91269,241,0.17
2024-05-31,India,X7,Electric,Petrol,46360,695,130674,265,0.41
2020-06-30,USA,i4,Electric,Electric,45313,530,354606,33,1.48
2019-09-30,China,X5,Sedan,Electric,40801,716,446343,118,1.53
2018-06-30,Brazil,X3,SUV,Petrol,49130,533,335291,200,1.28
2017-12-31,China,X5,SUV,Electric,49271,967,488744,356,1.03
2015-08-31,Germany,X3,SUV,Petrol,51075,388,127095,34,0.64
2020-07-31,Canada,i4,Sedan,Petrol,53984,545,294172,196,1.0
2016-09-30,UK,3 Series,SUV,Electric,95942,892,250003,297,0.29
2022-04-30,India,X7,Electric,Electric,47861,669,140925,125,0.44
2024-02-29,Brazil,iX,SUV,Diesel,117203,926,116381,347,0.11
2019-07-31,China,iX,Sedan,Diesel,106376,749,149468,375,0.19
2021-06-30,France,5 Series,SUV,Hybrid,96247,136,292330,46,2.23
2024-01-31,Germany,i7,SUV,Hybrid,104101,727,375893,291,0.5
2016-11-30,France,3 Series,Electric,Electric,55977,600,481888,146,1.43
2022-09-30,India,iX,SUV,Petrol,85617,674,63731,236,0.11
2016-09-30,Brazil,X5,Electric,Hybrid,92473,935,436791,329,0.51
2018-12-31,Germany,i7,Electric,Electric,107902,719,497728,337,0.64
2015-02-28,Brazil,3 Series,Sedan,Hybrid,50630,780,101024,191,0.26
2019-03-31,UK,X1,Electric,Petrol,55056,913,166712,371,0.33
2023-05-31,Australia,X1,Electric,Electric,42382,465,151121,95,0.77
2015-05-31,Germany,i7,Sedan,Petrol,90739,527,315976,62,0.66
2023-01-31,France,X3,Electric,Electric,116685,900,82332,357,0.08
2022-08-31,India,X3,Sedan,Hybrid,83639,823,62467,364,0.09
2020-12-31,Canada,X5,SUV,Diesel,94838,560,91025,244,0.17
2021-08-31,UK,3 Series,Sedan,Hybrid,81041,636,194179,276,0.38
2017-04-30,Australia,3 Series,Electric,Hybrid,35992,907,127994,296,0.39
2015-07-31,Canada,i7,Sedan,Diesel,107394,224,144202,109,0.6
2019-11-30,USA,7 Series,Electric,Diesel,102657,186,93481,96,0.49
2016-10-31,UK,X1,SUV,Electric,62160,406,445797,24,1.77
2019-03-31,India,3 Series,Sedan,Electric,80156,455,125118,110,0.34
2022-06-30,China,i7,SUV,Petrol,86375,711,436154,174,0.71
2023-10-31,Germany,i4,Electric,Petrol,54572,253,494854,38,3.58
2016-10-31,Brazil,5 Series,Electric,Hybrid,39136,387,173714,123,1.15
2017-12-31,India,i4,SUV,Diesel,96868,455,451634,116,1.02
2017-09-30,Germany,X7,Sedan,Petrol,117263,880,274699,373,0.27
2015-01-31,Canada,X5,Sedan,Hybrid,67167,380,210185,139,0.82
2022-05-31,Brazil,3 Series,Electric,Diesel,50479,372,134363,93,0.72
2020-04-30,Japan,X7,SUV,Electric,66376,610,435751,280,1.08
2022-08-31,France,iX,SUV,Hybrid,39823,794,375188,253,1.19
2023-11-30,USA,X7,Sedan,Electric,105456,1130,261027,397,0.22
2019-12-31,UK,i7,Sedan,Petrol,54585,861,323958,223,0.69
2017-01-31,India,3 Series,Sedan,Petrol,52272,1036,411484,315,0.76
2019-09-30,USA,5 Series,SUV,Diesel,61619,606,322168,175,0.86
2019-06-30,China,i7,Sedan,Hybrid,110069,791,244360,288,0.28
2019-04-30,Germany,i7,Sedan,Electric,74895,547,421380,68,1.03
2017-12-31,Germany,X5,Electric,Diesel,38720,349,107836,99,0.8
2024-09-30,India,X5,Sedan,Petrol,54267,1149,319579,380,0.51
2018-11-30,Australia,X1,Sedan,Petrol,50696,898,305095,340,0.67
2023-05-31,Australia,X1,SUV,Hybrid,64968,522,382745,203,1.13
2024-05-31,Japan,X3,SUV,Electric,88364,411,311176,132,0.86
2023-12-31,France,7 Series,Electric,Hybrid,58345,334,433015,145,2.22
2016-05-31,Brazil,3 Series,Sedan,Electric,86567,463,299717,148,0.75
2022-01-31,China,3 Series,Electric,Electric,96607,579,184479,238,0.33
2022-01-31,USA,X7,SUV,Hybrid,54385,881,411087,283,0.86
2021-08-31,Australia,3 Series,Electric,Diesel,118658,496,82940,59,0.14
2022-12-31,Japan,3 Series,SUV,Hybrid,101900,450,55666,127,0.12
2017-08-31,Japan,7 Series,Electric,Hybrid,103244,821,349266,211,0.41
2020-12-31,India,iX,Electric,Petrol,100425,827,430791,200,0.52
2015-06-30,China,X1,Sedan,Petrol,113518,1156,206164,373,0.16
2021-12-31,Canada,X1,Electric,Hybrid,117844,738,441897,332,0.51
2015-11-30,Brazil,5 Series,Sedan,Hybrid,67919,600,435546,190,1.07
2023-04-30,France,3 Series,Sedan,Petrol,92196,566,256717,87,0.49
2015-02-28,UK,7 Series,Sedan,Electric,114401,268,413334,84,1.35
2015-02-28,India,X1,Sedan,Hybrid,35495,973,412612,304,1.19
2021-09-30,Brazil,7 Series,Electric,Diesel,79755,602,441351,290,0.92
2016-05-31,UK,i4,SUV,Diesel,102684,336,76505,30,0.22
2019-04-30,UK,iX,SUV,Diesel,68324,636,86713,180,0.2
2022-10-31,China,3 Series,SUV,Hybrid,113929,324,497603,24,1.35
2022-01-31,China,5 Series,Electric,Electric,36552,724,355313,220,1.34
2017-07-31,USA,X7,Sedan,Electric,86272,150,254354,57,1.97
2021-03-31,Japan,X1,SUV,Petrol,70853,429,127511,95,0.42
2017-06-30,Brazil,i4,Electric,Hybrid,67924,576,494958,158,1.27
2020-05-31,India,7 Series,Sedan,Electric,109462,744,352666,197,0.43
2020-05-31,Germany,X5,SUV,Hybrid,58889,819,262204,381,0.54
2017-11-30,India,i7,Sedan,Petrol,89675,1029,300694,315,0.33
2021-05-31,USA,3 Series,SUV,Petrol,108591,403,299836,160,0.69
2017-01-31,France,3 Series,SUV,Petrol,105190,515,284561,150,0.53
2022-01-31,Japan,i4,SUV,Diesel,57634,557,411541,78,1.28
2024-03-31,Germany,7 Series,Sedan,Hybrid,67363,607,53880,269,0.13
2018-12-31,Australia,X3,Electric,Petrol,98752,1116,486670,343,0.44
2015-10-31,France,3 Series,Sedan,Hybrid,112004,130,498927,18,3.43
2018-04-30,China,X3,SUV,Diesel,91398,559,93539,130,0.18
2021-05-31,UK,X5,Sedan,Diesel,75718,1088,290056,380,0.35
2018-02-28,Australia,i4,Electric,Petrol,117916,360,269057,110,0.63
2020-08-31,India,7 Series,Sedan,Petrol,61870,740,64799,158,0.14
2023-11-30,India,7 Series,Electric,Electric,72394,521,154843,155,0.41
2015-11-30,China,iX,Electric,Hybrid,87057,1196,493942,362,0.47
2019-02-28,USA,i7,Sedan,Petrol,114795,724,98784,252,0.12
2021-09-30,Brazil,X1,SUV,Electric,115409,710,163034,250,0.2
2015-02-28,Australia,X1,Electric,Hybrid,48016,1156,486549,346,0.88
2018-09-30,Australia,X7,Sedan,Petrol,77137,243,484044,52,2.58
2020-07-31,Canada,5 Series,Electric,Electric,35153,630,250598,104,1.13
2016-08-31,France,i4,SUV,Electric,42853,666,104362,235,0.37
2024-11-30,Japan,X5,Sedan,Hybrid,47379,59,103997,15,3.72
2019-02-28,France,7 Series,Sedan,Electric,50792,804,231413,223,0.57
2024-07-31,Brazil,i7,Sedan,Hybrid,73367,596,462289,215,1.06
2015-12-31,India,X3,SUV,Hybrid,53100,320,414543,76,2.44
2020-06-30,India,i4,Electric,Hybrid,98456,565,326693,109,0.59
2020-04-30,India,X7,Sedan,Diesel,46049,96,369064,21,8.35
2018-07-31,Canada,i4,Electric,Electric,35786,575,266398,246,1.29
2022-04-30,India,X7,Electric,Hybrid,104904,968,310464,331,0.31
2018-02-28,Brazil,7 Series,SUV,Petrol,65699,582,463532,267,1.21
2022-10-31,China,5 Series,Sedan,Diesel,82691,1124,207255,346,0.22
2022-12-31,Japan,X7,Electric,Diesel,72040,697,406004,144,0.81
2019-07-31,Brazil,7 Series,Sedan,Electric,92986,704,74624,231,0.11
2018-08-31,Japan,7 Series,Sedan,Hybrid,73762,332,243587,165,0.99
2016-02-29,Brazil,5 Series,SUV,Electric,58600,654,284784,151,0.74
2017-05-31,India,X1,Sedan,Diesel,54810,663,96705,167,0.27
2017-01-31,China,i4,Sedan,Hybrid,92204,698,139326,335,0.22
2018-07-31,Australia,3 Series,Electric,Petrol,55085,880,469972,380,0.97
2018-08-31,France,3 Series,SUV,Hybrid,81854,887,372534,353,0.51
2024-06-30,UK,X3,Sedan,Diesel,109797,720,118369,271,0.15
2019-05-31,China,X3,Electric,Petrol,119269,910,251893,292,0.23
2018-06-30,Australia,3 Series,SUV,Hybrid,74779,726,321733,347,0.59
2024-02-29,USA,X5,SUV,Petrol,91207,821,163012,353,0.22
2022-01-31,Brazil,3 Series,Electric,Petrol,68980,710,457332,238,0.93
2020-07-31,USA,X3,Electric,Diesel,91117,1036,385325,385,0.41
2020-07-31,Australia,i7,Electric,Petrol,49141,648,225858,289,0.71
2022-10-31,China,X3,Electric,Electric,44344,783,275758,367,0.79
2021-11-30,Brazil,X5,Electric,Diesel,50896,668,173711,299,0.51
2024-10-31,UK,i4,Sedan,Electric,64813,570,126425,177,0.34
2024-02-29,India,3 Series,Sedan,Petrol,119431,433,473502,56,0.92
2022-02-28,Brazil,5 Series,SUV,Electric,100679,614,65994,212,0.11
2016-01-31,Brazil,i7,Sedan,Hybrid,45681,511,161915,223,0.69
2023-10-31,China,7 Series,Sedan,Petrol,107903,891,435105,255,0.45
